{
  "Total_Return": -18.982103264188055,
  "Sharpe_Ratio": -0.3410707033829886,
  "Max_Drawdown": -29.15494353507892,
  "Win_Rate": 0.0,
  "Total_Trades": 1,
  "Final_Value": 8101.789673581195
}