{
  "RMSE": 662.592163400685,
  "MAE": 505.4356689453125,
  "R2": 0.9882556200027466,
  "MAPE": 0.5501527804881334,
  "Direction_Accuracy": 47.409126063418405
}