{
  "Total_Return": -19.947857935200627,
  "Sharpe_Ratio": -0.551688923380176,
  "Max_Drawdown": -22.34782262698096,
  "Win_Rate": 0.0,
  "Total_Trades": 183,
  "Final_Value": 8005.214206479937
}