{
  "Total_Return": -80.24762196955085,
  "Sharpe_Ratio": -3.7663937744708393,
  "Max_Drawdown": -80.39842264765403,
  "Win_Rate": 0.0,
  "Total_Trades": 983,
  "Final_Value": 1975.2378030449142
}