{
  "Total_Return": -5.510247307749069,
  "Sharpe_Ratio": -0.11796348458739553,
  "Max_Drawdown": -12.307855502289417,
  "Win_Rate": 0.0,
  "Total_Trades": 44,
  "Final_Value": 9448.975269225093
}