{
  "Total_Return": -40.994600936781076,
  "Sharpe_Ratio": -1.3077490570336645,
  "Max_Drawdown": -41.540127986410575,
  "Win_Rate": 0.0,
  "Total_Trades": 211,
  "Final_Value": 5900.539906321892
}