{
  "RMSE": 693.170027843097,
  "MAE": 515.698486328125,
  "R2": 0.9871466159820557,
  "MAPE": 0.5582591518759727,
  "Direction_Accuracy": 46.249033255993815
}